puuid,Aatrox,Ahri,Akali,Akshan,Alistar,Amumu,Annie,Aphelios,Ashe,AurelionSol,Azir,Bard,Belveth,Blitzcrank,Brand,Braum,Caitlyn,Camille,Cassiopeia,Darius,Diana,DrMundo,Draven,Ekko,Elise,Evelynn,Ezreal,FiddleSticks,Fiora,Fizz,Galio,Gangplank,Garen,Gnar,Gragas,Graves,Gwen,Hecarim,Heimerdinger,Illaoi,Irelia,Ivern,Janna,JarvanIV,Jax,Jayce,Jhin,Jinx,KSante,Kaisa,Kalista,Karma,Karthus,Katarina,Kayle,Kayn,Kennen,Khazix,Kindred,Kled,KogMaw,Leblanc,LeeSin,Leona,Lillia,Lissandra,Lucian,Lulu,Lux,Malphite,Malzahar,Maokai,MasterYi,Milio,MissFortune,MonkeyKing,Mordekaiser,Morgana,Naafiri,Nasus,Nautilus,Neeko,Nidalee,Nilah,Nocturne,Nunu,Olaf,Orianna,Ornn,Pantheon,Poppy,Pyke,Qiyana,Quinn,Rakan,Rammus,RekSai,Rell,Renata,Renekton,Rengar,Riven,Rumble,Ryze,Samira,Sejuani,Senna,Seraphine,Sett,Shaco,Shen,Shyvana,Singed,Sion,Sivir,Skarner,Soraka,Swain,Sylas,Syndra,TahmKench,Taliyah,Talon,Taric,Teemo,Thresh,Tristana,Trundle,Tryndamere,TwistedFate,Twitch,Udyr,Urgot,Varus,Vayne,Veigar,Vex,Vi,Viego,Viktor,Vladimir,Volibear,Warwick,Xayah,Xerath,XinZhao,Yasuo,Yone,Yuumi,Zac,Zed,Zeri,Ziggs,Zilean,Zoe,Zyra,Anivia,Chogath,Corki,Kassadin,Nami,Sona,Velkoz,Yorick
-acNKA1ol6vf09iDI-NwYIqSxBBwbnTy50OTwBaFOQsrqIrFxsF_-2C2-azvsr-aSN5ajFO2biBE3Q,0.75,0.5,0.5,,1.0,,0.5,,0.0,,0.625,,,,,0.0,,,0.0,,,,,,,,0.5,,1.0,,1.0,,,,,,0.0,,,,,,,,0.5,1.0,,,0.6666666666666666,1.0,,,,,,,,,,,,,,,,,0.0,,,0.5,,,,,,,,,,,1.0,0.75,,,,,,,,,1.0,1.0,1.0,,0.25,,,,,0.0,1.0,,,,,1.0,,,,,,,,,,,,,0.3333333333333333,,,,,,,,0.7142857142857143,,,,,,,,,,,1.0,,,,,,0.5,,,,1.0,,,1.0,,,,,,,,,,,,,
0RkcdxqZvXkAesMBcg61tXQqGngJBVS29Y-syutdY02AGu7HjU-rRQ5JTuHlyNfvUT-9DH7XZ_IaTQ,,,,,0.6363636363636364,,0.0,,,,,,,0.0,,,,,,,,,,,,,,,,,,,,,,,,,,,,0.0,,,,,,,,,,,,,,,,0.0,,,,,0.5,0.5,,,,,,,,0.5,,0.6,,,,,,,0.6,,0.6666666666666666,,,,,,,,1.0,0.7058823529411765,,,0.5384615384615384,,0.0,0.6153846153846154,,,,,,,,,,,,,,,,,,,1.0,,,0.0,,,,0.0,,,,,,,,,,,,,,,,,,,,,,,,,,,,,,,,,,,,,,,,
3ubDQhCB0UDams1VZMXwrmPVP_LHPKclAvu5Rhw-ieBP1OZhAduOwwZ4tcK2vWwEyiH__JROOc6Ccw,1.0,0.0,,,1.0,,0.5,,,,,,,,,,,,,,0.5555555555555556,,,1.0,0.0,,,,,,,,,,0.0,0.5,1.0,,,,,,,0.0,,,,,,0.5,,,1.0,,,,,1.0,,,,,0.25,,0.0,,,,,,,0.42857142857142855,,,,1.0,,,,,,,0.6666666666666666,,1.0,,,,,,0.5,,,,,,0.75,0.0,,,0.5714285714285714,,0.6,,,1.0,,,,,,,,0.3333333333333333,,,,,,,,0.0,,,,,,,,,,,,,,,,0.0,0.5,,,1.0,,,,,,,,,,,,,,,,,,,,,,
44CmV2iV9dVRVBo2-_sPYvYGf_dLW-iDCECplHPC2qtaMniTbZtGpw4EI10KYqdr3ffccMr05yUAgQ,,0.75,,,,,,,1.0,,0.25,,,,,,,,,,,,,,,,,,,,,,,,,,,,,,,,,0.5,0.0,,,,0.0,0.0,,,,,,,,,,,,0.0,,,,0.631578947368421,,,,,,,,,,,,,,,,0.6666666666666666,,,,,,,,,0.0,,,,,,,,,0.6666666666666666,,,,0.0,,0.75,,,,,,,,,,,,,1.0,,,,,,,,0.6333333333333333,,,0.7142857142857143,,,,,,,,,0.0,,,,,,0.0,,,0.14285714285714285,,,,,,,,,,,,,,,,
4WOSjorqILN5ZbZ9I_xmpQRRubqht2guGREhhUBM61W2MvuwRRagis0ZH8JkWP2GEIdW1qqxELR0Vw,,,,,,,,,,,,,,,,,,,,,,,,,,,,,,,,,,,,0.42857142857142855,,,0.8333333333333334,,,,,,,,,,,,,,0.5,,,,,,0.5,,,,,,,,,,,,,0.0,,,,,,,,,,,0.0,,,0.0,,,,,,,,,,,,,,,,,0.68,,,0.5,,,,,,,,,,,,,,,,0.5333333333333333,,,,,,,,,,,,,,,,,,,,,,,,,,,,0.6666666666666666,,,0.4444444444444444,,,,,,,,,,,
4c7OjDnDAorPtW8yN8R1caISPvhsQHpOOrcewg2DIt9hVIns1cgfPK6N0mM_Kn_e81icxx1h_EBIIw,0.5,,,,,,,,,,,,,,,,,,,,,,,,,,,,,,,,,,,,1.0,,,,,,,,0.5666666666666667,,,,0.5,,,,,,,,,,,,,,,,,,,,,,,,,,,,,,0.75,,,,,,,,,,,,0.5,,,,,,,,,0.5,,,0.5,,,,,,,,,,,,,,,,,,,,,,,,,,,,,,,,,,,,,,,,,,,,,0.5,,,,,,,,,,,,,,,,
5Nq4BtYfQMSEbDHRm5RkAJ2AMNG_wJ2xIJ5VD8aGPPxuC2sDtj22v4pCuTbVc0WojYA3v3vxTnX-ng,,,,,,,,,,,,,,0.0,,,,,,,1.0,,0.0,,,,1.0,,,,,,,,,,,,,,,,,,,,,,,1.0,,,,,,,,0.25,,,,0.5,0.6086956521739131,,0.6666666666666666,,,,,,,1.0,,,,,,,,,,,1.0,,,,,,,,0.6,,,,,,,0.0,,,,,0.5,,,0.5,,,,,,,,,,0.375,,,0.0,1.0,,0.5,,,,,0.75,,,,,,,,,,,0.5,0.6,,,,,,,,,1.0,,,,,,,,,,,,,,,,
8dQ9BRCBo4scOtml3iI_DxdSviuHLhxHL-w_Zx_IkfCWRkRar4_siqBlkMaFd7G6pLK_QLVhC-Uddg,,0.8,0.5,,,,0.8,,0.0,,0.5,,,,,,,,0.6666666666666666,1.0,,,,,,,,,,,,,,,1.0,,1.0,,1.0,,,,,,,0.5,,,,,,,,,,,,,,,,0.5555555555555556,,,,,,,,,,,,,,,,,1.0,,0.0,0.36363636363636365,,,,,,,,,0.5,,,,,,,,,1.0,,,,,,,,,,,,,,,,,,,1.0,1.0,,,,,,,0.6086956521739131,,,,,,,0.0,,,,,,0.5,,,,,,,,1.0,,,,,,,,,,,,,,,,
AzqDuTZXVtP5uDO4LcE0TDQoCAc8rjsqXhoqGtY64NEUTllSg8JlxA0xnSiJR5lFCAmf7NJKCTE78Q,,,,,,,,,,0.5930232558139535,,,,,,,,,,,,,,,,,,,,,,,,,,,,,,,,,,,,,,,,,,,,,,,,,,,,,,,,,,,,,,,,,,,,,,,0.0,,,,,,,,0.5714285714285714,,,,,,,,,,,,,,,,,,,,,,,,,,,,,,,0.0,,,,,,,,,,,,,,,,,0.5,,,,,,,,,,,,,,,,,,,,,,,,,,,
B4ixWszxqye7i4eLGsUrYpbGinE9AosaP73y2leBXu41AUftHf7rcufbWGEJHNMeHKwxUQ1FSEAmUw,,,,,0.4642857142857143,,,,,,,,1.0,0.6666666666666666,,1.0,,,,,,,,,,,1.0,,1.0,,0.8333333333333334,,,,,,,,,,,,0.0,,,,,,,1.0,,0.0,,,,,,,,,,,,0.5,,,,0.0,,,,,,,1.0,,,,,,0.5833333333333334,,,,,,,,,,,1.0,,,0.5517241379310345,,,0.6666666666666666,,,,,,,,,,,,,,,,,,,,,,,,,,0.0,,,,,,,,,,,,,,,,,,,,,,,,,,,,,,,,,,,,,,,,
B_FWIY3l5Lekp0NlvoJ5R6nUHriWk4cRaDImOgk_cOXYi71b_5DPTb0p58MUo9ByJcP3HnGYzDCGPw,,,,,0.0,,,,,,,,,0.0,,,,,,,,,,,,,,,,,,,,,,0.5,1.0,1.0,,,,,,,,,,,,,,1.0,,,,,,,,,,,0.3333333333333333,,,,,,,,,,,,,,,,,,,,,,,0.5952380952380952,,,,,,,,,,,,,,,,,,,,,,,,,,,,,,,,,,,,,,,,,0.0,,,,,,,,,,,,,,,,,,,,,,,0.6666666666666666,,,,,,,,,,,,,,
BkibjYuMWqEVTu5LbxpTZ72dcvVFTcU6pjnKZr5NtzoO0Kiaz_u9xhvmJFyYP5MI9kMRaLV3AGjnrA,,,,,,,,,,,,,,,,,,,,,,,,,,,,,,,,,,,,,,,,,,,,,,,,,,,,,0.6666666666666666,,,,,,,,,,0.0,,,,,,,,,1.0,,,,,,,,,,0.7142857142857143,,,0.5,,,,,,0.9,,,,,,,0.3333333333333333,,,,,,,,,,,,,,1.0,,,,,,,,,,,,,,,,,,,,,,,,,,,0.5,,,0.4444444444444444,,,,,,,,,,,,,,,,,,,,,,
Bmo2-m1YQ-QD6UwD1P411DW6fGS1gi3SFqto43cMq57JHWVf5Th6ahe1NPtgDd5-ak7WteUB9D5fZQ,,0.75,,,,,,,,,,,,1.0,,,,,,,,,,,,,,,,,,,,,,,,,,,0.0,,,,,,,,,0.5,,,,,,,,,0.5,,,,,,,,,,,,,,,,,,,,,,,,0.0,,,,,,,,,,,,,,,1.0,,,,,,,,,,,,0.5833333333333334,,,,,,,,,,,,,0.0,,,,,,,,,,,,1.0,1.0,,,,,,,,0.0,,,0.0,1.0,,,,,,,,,,,,,,,,
EKdJZ2F-rooywzxVwjnUyjDZgM7LT5UsY43UaW7qjakIBFDdIrOUQ0o4djCJCBlJuBkkfVBWhAqe2w,,,,,,,,,,,,,,,,,,,,,1.0,,,,0.2857142857142857,,,,,,,,,,0.6666666666666666,0.6666666666666666,,,,,,,,0.5,,0.25,,,,,,,0.6666666666666666,,,0.3333333333333333,,0.5714285714285714,0.3333333333333333,,,,0.25,,0.2,,,,,,,,,,,,,,,,,,0.7142857142857143,,,,,,,,,,,,,,,,,,,,,,,0.0,,,,,,,,,,,,,0.3333333333333333,,,0.6923076923076923,0.0,,,,0.5,,,,,,,,,,,,1.0,,,,,,,1.0,,0.0,,,,,,,,,,,,,,,,
EV99dGDrNDiSeVsUvm9kFgWk2B9etv6bsKhqjvX0AYXg-OKbFzbKSjcDypCeYx4vWRynaWpOA5vxdQ,,,,,,,,0.5789473684210527,,,,,,,,,,,,,,,,,,,0.0,,,,,,,,,,,,,,,,,,,,,,,0.7058823529411765,,,,,,,,,,,,,,,,,,,,,,,,,,,,,,,,,,,,,,,,,,,,,,,,,,,,,,,0.7142857142857143,,,,,,,,,,,,,,,,,,,,,,,,,,1.0,,,0.4166666666666667,,,,0.5,,,,,,0.6666666666666666,,,,,,,,1.0,,,,,,,,,,,,
EhvqmLa18n854e17zuVNKesceOPltcSTA9tBOluKp9Y2Efkz7i8_mk7ctr_ynSDx-bEagUwIXaZcew,0.6,,,,,,,,0.0,,,,,,,,,1.0,1.0,,,,,,,,,,,,,,,0.5,,,,,,,,,,,,0.5,,,,,,,,,,,,1.0,,,,0.0,,,0.0,,,,,,,,,,,,0.0,,,,,,,,,,,,0.5,,0.42857142857142855,,,0.0,,0.4,,,,0.5862068965517241,,,,,,,,,0.25,,,,,0.5,,,,,,,,,,,,,,,,,,,,,,,,,,,,,1.0,,,,,,,,,,,,,,,,,,,,,
EtRs8eojgHhBQlb3zq6IUR-xgD9zaifZtRHkujKtYd-KP7CIQg-1jdTielpkgU1ab_mV7wkX_wQriQ,1.0,,0.3333333333333333,,,,,,,,,,,,,,,,,1.0,,,,,,,,,1.0,,,,,,,,,,,,,,,,,,,,,,,,,,,0.0,,,,,,,,,,,,,,0.0,,,,,,,,,1.0,,0.5,,,0.0,,,,,0.5,,,,,,,,,,,0.0,1.0,,,,,,,,,,,,,,,,,,0.38461538461538464,,1.0,,0.5303030303030303,,,,,,,,,,,,,,,,,0.0,,0.0,,,,,,,,,,,,,,,,,,,,,,
EydNGK3jnd-gV6BkAtN4DVetmG2hJm41nrxa6IV_6ULxMRflp_KcXyKDH0nTmQv_-FlkF3I1nXNJvw,,0.4,,,,,,,,,,,,,,,,,,,0.5,,,,0.6,,,,,,,,,,,,,,,,,,,0.5769230769230769,,,,,,,,0.0,,,,,,0.5,,,,,,,,,,,,,,,,,,,,,,,,,,,0.5,,,,,,,,,,,,,,,,,,,,,,,,,,,,,,,,,,,,,,,,,,,,,,,,,,,,,,,,,,,,,,,,,,,,,,,,,,,,,,,
F-uK8SM45mZ2ukeV1q1OQHi4v2p9B8t1u8qH-L5bS-obNjqVrnA8zyXcbrmZTKXHc88GRZeLDO_Zsg,0.0,1.0,,,,,1.0,,,,,,,,,,,,,,,,,,,,,,,,,,,,0.0,1.0,,,,,,,,1.0,,,,,,1.0,,,,,,,,,,,,0.6666666666666666,,,,0.5833333333333334,,,,,,1.0,,,,,,,,,0.0,,,1.0,0.0,,,0.0,,,,,0.6190476190476191,1.0,,,,,,0.0,,,,,,1.0,,,,,,,,,,,,,0.6666666666666666,0.5714285714285714,,0.7777777777777778,,,,,0.6428571428571429,0.0,,,,,,,,1.0,,,0.0,0.0,,,,,0.6,,,,,,,,,,,,,,,,,,,
Fq9cUH5l3PfX95_ZoFa9Yg09vwuw7OXBzSJGlBCT-jWJ3ua0Qcea8CFBSg69wKRnrCIYELt9Zc0xtA,,,,,,,,,,,,,,0.5,,,,,,,,,,,,,,,,,,,,,0.5,,,0.5949367088607594,,,,,,,,,,,,,,,,,,,,0.6666666666666666,,,,,,,,,,,,,,0.5,,,,,,,,,,,,,,,,,,,,,,,,,1.0,,,,,,1.0,,,1.0,,,,,1.0,,0.0,,,,,,,,,,,,,,,,,,,,,,,,,,,,,,,,,,,,,,,,,,,,,,,,,,,
Gebm8w93KNnerGILId6-MKqa5HxJaoFBSJPtJqlIHIol3nv18GC0DWY97qOIHRkKq1Bq7Y75N0PArQ,,1.0,,0.625,0.875,,,1.0,,,,,,,,0.5,,,1.0,,,,,,,,,,,,,,,,,,0.5,,,,0.8,,,,0.0,,,,,0.25,,,,,,,,,,,,,,,,,,,,,,0.5,,,,,,,,,,,,0.5,,,,,,,,,,,1.0,,,0.0,,,,,,,,,,,,,,,,,,,,,,,,,,0.6666666666666666,,,,1.0,,,,0.0,,,0.2,,,,0.0,,,1.0,,,,,,,,,,,,,0.2,,,,,,,,,
GideCU6WyNCENmshyljtJSoZ0vWvkV94HCcoiuJyRj0vTBPtvE1RBNaDqYpynJoL3Hy1AYo7NM8Izg,,,,,,,,,,,0.5168539325842697,,,,,,,,,,,,,,,,,,,,,,,,,,,,,,,,,,,,,,0.0,,,,,,,,,,,,,,,,,,1.0,,,,,,,,,,,,,1.0,,,,,,,,,,,,,,,0.0,,,,,,,,,,,,,,,,,,,,,,,,,,,,,,,,0.0,,,,,,,,0.0,0.0,,,,1.0,,,,,,,,,,,,,,1.0,,,,,,,,,,
HKK3EGe1-ZjO0yb_O8R3IH05iusvb3kEKWCJQSSCzFPIIR8bmTSSHoIy0NC9DSTzS9bB3v_J8XMHLA,,,,,,0.0,,,,,,,,,,,,,,,,,,,,,,,,,,,,,,,,,,,,,,,,,,,,,,,,,,,,,,,,,,,,,,,,,,,,,,,,,,,,,,,,,,,,,,,,,,,,,,,,,,,,0.14285714285714285,,,,,,,,,,,,,,,,,,,,,,,,,,,,,,,,,,,,,,,,,,,,0.5714285714285714,,,,,,,,,,,,,,
Hat6Cf4mj7suJ6Y6lVMZ9G9o-vZDIQ75uGX0Rch9nz49LgaVZ7h-gX7s7dd88rX3o7uRwFqi9LjlGg,,,0.6666666666666666,,,,0.42857142857142855,,0.0,,0.6666666666666666,,,,,,,,,,,,,,,,1.0,,,,,,,,,,,,,,,,,,,0.631578947368421,,,1.0,,,,,,,,,,,,,1.0,0.0,,,0.5,,,,,,,,,,,,,,,0.5,0.6,,,,,,,,,,,,,,,,,,,,,,,,,,,,,,,,,,,,,0.4,0.3333333333333333,,,,,,,0.5,,,,,,,,,,,,,,,,,,,,,0.4166666666666667,,,,,0.8,,,,,,,,,,,
HgDJKua5FrA_9NHe6XXGSR2Z1gAeXMR3XFThw8MGPD1ST8VeHfRFQLT7BekZzZuPqy8kh8UMpVJQKw,,,,,0.8,,,,,,,,,,,,,,,,,,0.5,,,,0.75,,,,,,,,,,,,0.5,,,,,,,1.0,,,,0.6470588235294118,,,,,,,,,,,,0.6,,,,0.5555555555555556,,,,,,,,,,,,,,,0.6666666666666666,0.0,,1.0,,,,0.5,,0.0,,,0.0,,,,,,,1.0,,,0.0,,,,,,,1.0,,,,,0.0,,,,,,,,,,,,0.6666666666666666,,,,,,,0.36363636363636365,,,,,,,,,,0.5,,,1.0,1.0,,,0.0,0.0,1.0,,1.0,,,,,,,,,
Indr9x2WECvpwfmZX7IYTMZadgnIFBTNwHwC2VoxJaQiWegR3366ARAOj3Aj7pvUo3WBkiUF_UgMCw,,,0.8,,,,,,,,0.0,,,,,,,,0.6,,,,,,,,,,,,,,0.0,,0.0,,,,,,0.6,,,,,,,,,0.0,,0.0,,0.4827586206896552,,,,,,,,1.0,,,,,,,,,,,,,,,,,,,,,,,,,,,,,,,,,,,,,,,,,,,0.0,,,,,,,,,,1.0,,,,0.0,1.0,,,,,,,1.0,,,,,,,,,,,,,0.5238095238095238,,,,0.0,,,,,,,0.4,,,0.25,,,,,,,,,,
JUkazDM-BtGepDlK4MegeTA5K2_IDaAYiIYtx3TYOr2JGktkzOEyPh2c3P3l8zMXIb1Yzs1DVuVnoQ,0.0,,,,0.0,,,,,,,,,,,,,,,,,,,,,,0.0,,,,,0.0,,,0.0,,,,0.0,,,,,,,,,,0.3333333333333333,,,,,,,,,0.85,1.0,,,,0.3333333333333333,,,,,,,,,0.3333333333333333,,,,,,,,,,,,,0.5,,,,,0.0,0.5,,,,,,,0.6,,,,,0.8,,0.0,0.0,,,,,,,1.0,1.0,,0.5,,,,,,,,0.5,,,,,,,,,,,,,,0.4,0.25,,,,,,,,,,,,,,,,,,,,,,,,,
KDwUOvb8nA_tarEHFuR-ciUtTP75SmbcWtDMTdTkYGD6xWXMhqPjYShEANX7GD7lsN_2x1mLOdpbWA,,,,,,,,0.8571428571428571,0.7142857142857143,,,,,,,,,,,,,,,,,,0.4,,,,1.0,,,,,,,,,,,,,,,0.0,1.0,0.0,0.0,0.5121951219512195,1.0,,,,,,,,,,,0.5,,,,,,,,,,,,,,,,,,,0.75,,,0.5,,,,,,,,,,,,,,0.0,,,,,,,0.2857142857142857,,,,,,,,,,,,,,,,,,,,,1.0,0.0,,,,,,,,0.0,,,,,,,,,0.75,,,,,,,,1.0,,,,,,,,,,,,
KZbIFXamAmbZbI8_-NTvAp-DrHlxzuzAztBDnEs6X6dxA4zbAim6iHoMsZQwakCTXjlcuTVBi2x86w,1.0,,,,,,,,,,,,,,,,,,,,,,,,,,,,,,0.0,,,,,,1.0,,,,,,,,,,,,0.3333333333333333,,,,,,1.0,,1.0,,,,,,,,,,,,,,,0.6666666666666666,,,,,0.5,,0.0,,,,,,,,0.0,,,0.8,0.8571428571428571,,,,,,,,,,,,0.5714285714285714,,,,,,,,,1.0,,,,,,,,,,,,0.4,,0.5,,,,,,,,,,,,,1.0,,,0.5818181818181818,,,,,,,,,,,,,,,,,,,,,,
KjLnmSrhQ-5dMIg7Ud9wXR7I8gT16ij8J4d9-v_TkjfGBiA__-RqGUc-jzUTT5z5iS07mo7OT44_-g,,,,,0.6,,,,,,,0.4,,0.5,,0.2857142857142857,,,,,,,,,,,0.6666666666666666,,,,,,,,,,,,,,,,,,,,,,,,,,,,,,,,,,,,,,,,,,,,,,,,,,,,,,0.0,,,,,,,,,,,0.4444444444444444,,,0.46153846153846156,,,0.6153846153846154,,,,,,,,,,,,,,,,,,,,,,,,,,,,1.0,,,,,,,,,,,,,,,,,,,,,,,,,,,,,,,,,,,,,,
LJmGK557qqHZgGLehNcQmUNj0ebi2UXV2M3X3UeokmTknkpdZdCD2oCgoI4Mhi60zPnPhw2j4knlVA,,,,,0.631578947368421,,,,0.0,,,,,0.3333333333333333,,0.5,,,,,,,0.5,,,,,,,1.0,1.0,,,,0.5,,,,0.8,,,,,,1.0,,,,,0.0,,,,,,,,,,,,,,1.0,,,,,1.0,,,,,1.0,,,,,,,0.9285714285714286,0.5333333333333333,,,,,,,,,0.0,0.5714285714285714,,,0.0,,,0.4,,,,0.0,,,0.5,,0.0,,,,,,,,,,,,,,,,,,,,,,,,,,,0.0,,,,,,,,,,,,,,,,,,1.0,,,,,,,,,,,,
LMFOVhpaA5ylibD9KDtyyuKcT2vw5TgYj0knoUNhpr4peHuqZSZux_GfqsqijkUHtHHnd3IFIgmyrQ,,,,,1.0,,,0.0,,,,,,,,,,,,,0.75,,,,,,0.0,,,,,,,,,,,,,,,1.0,,,,1.0,,,,,,,,,,,,0.5714285714285714,0.0,,,0.0,0.55,,1.0,,,,,1.0,,0.0,,,,0.0,,,,,,,0.7142857142857143,,1.0,,,,,,0.5,,,,,,,0.75,,,,,,,,0.7,,,,,,,,,,,,,0.5,0.0,,1.0,,,,,,,,,,,,,,,,0.0,0.8,,,,,,,,,,,,1.0,,,,,,,,,,,,,
LO3FTozjsGLop1RO6oMYyhyQESqQzMyziE82sHqXeWzCOwSJV6zYdamBvZItG0ZySTiL1KOVP4_wag,,,,,0.6904761904761905,,,1.0,,,,,,0.6,,1.0,,,,,,,,,,,,,,,,,,,,,,,,,0.0,,,,1.0,,,,,,1.0,0.0,,,,,,,,,,,,1.0,,,,,,0.0,,,,1.0,,,,,,,,1.0,,,,,,,,,,,,,0.6666666666666666,,,0.64,,,,,,,1.0,,,,1.0,,,,,,,,0.0,,,,,,,,,,0.0,,,,,,,1.0,,,,,,,,,,,,,,,,,,,,,,,,,,,,,,
MuTdYtTPDmWIzBcC0PlObg9e8QTseNJwA9BYqvPv7IMWKEBB0wITXzuhVe3NaUtPb74vcU5zesVRng,,,,,0.0,,1.0,0.2857142857142857,0.0,,,,,,,,,,,,,,0.625,,,,0.4,,,,,,,,,,1.0,,,,,,,,,,,,,0.4411764705882353,,,,,,,,,,,,,,,,,,,,,,,,,,,,,,,,,,1.0,,,,,,,,,,,0.5,,,,,,,,,,0.5,,,,,,,,,,0.0,,,,0.5,,,,,,,,0.3333333333333333,,,,1.0,,,,0.75,,,,,1.0,,,,0.75,,,,0.25,,,,0.6666666666666666,,,,,,,,,,,,
NMvXfxRIp-lklyy-EIDtD2bdQ10vyQFekDX6AReL1qslE2eu7Jw4VaROzb72VXLvkDfOkcgY5q5aqw,,,0.0,,,,0.0,1.0,,,,,,,,,,,,,,,,,,,,,,1.0,,,,,,,,,,,,,,,,,,,,0.0,,0.0,,,,,,,,,,0.0,,,,0.0,,,,,,,,,,,,,,,,,0.0,,,,,,,,,,0.7142857142857143,,,,,,,0.0,,,,,,,,,,,,,,,,,0.3333333333333333,,,,,,,,,0.0,1.0,,,,,,,,,,,,,,,,,,,,0.6829268292682927,0.6764705882352942,,,,,,,,,,,,,,,,
PFtvG3715jzzxANu6YIu_d-NHrPUuSHlzIShX5Nb1FDYiUtI4SutPxNZrHCZj7pZJa9s5qkvT7BzVg,,,,,,,,,,,,,,,,,,0.25,,,,,,,,,,,,,,,0.5714285714285714,,,,,,,,0.6666666666666666,,,0.0,0.6,,,,,,,,,,,,0.3333333333333333,,,,,,,,,,,,,,,,,,,,,,,,,,,,,,,,,,,,,,,,,,,0.6666666666666666,,,,,,,,,,,,,,,,,,,,,,,,,,,,,,,,,,,1.0,,,,,,,,,,,,,,,,,,,,,,,,,,,,,
RTPk9SVGjSyLwekTz_7l70CK6Gbqp7aYjIg2rTkIqWpmAjVsvpFd-OHWGUBhsNVIZseY6gUFF81e9A,,,0.0,,0.625,,0.0,0.0,1.0,,,,,,,,,,,,,,,,,,,,,,1.0,,,,,,,,,,,,,,0.0,0.0,,,0.75,1.0,,,,,,,,1.0,,,,0.0,0.0,,,,,,,,,,,1.0,,1.0,,,,,0.5833333333333334,,,,,,,,,,0.5,,0.0,,0.78125,,,0.7142857142857143,,,1.0,,,,1.0,,,,0.0,,,,,0.0,,,,,0.0,,,,,,,,,,,,,,,,1.0,,,,1.0,,,,,1.0,,1.0,1.0,0.0,,,1.0,,,,,,,,,,,,,
SMgyNYMlqB0kvLKqSZ3SchrLoKUfqSE5jaa_ezVsEhpv7Lc6BIpaSABbqgw_H6DbcLr4Bt2PMi1G5w,0.0,,,,,,,0.6153846153846154,,,,,,,,,,,,,,,,,,,0.4,,,,,,,1.0,,,,,,,,,,,,,,,,0.4482758620689655,,,,,,,,,,,,,,,,,,,,0.6666666666666666,,,,,,,,,,,1.0,,,,,,,,,,,,,,,,,,,,,,,,,,,,,,,,,0.5555555555555556,,,,,,,,,,,,,,,,,,,,,,,,,0.0,,,,,0.7692307692307693,,,,,,,,0.75,0.6666666666666666,,,,,,,,,,,
UsbmjwgXnS7mspuqXRhcqTwWj9h4KxkAt8DBhnQYYTgUJbR-ILpQFhVF4eFqIGfIY-x_CxvCR29w7w,0.3333333333333333,1.0,1.0,0.3333333333333333,,,,0.3333333333333333,0.6666666666666666,,,,,,,1.0,,,,,,,0.6,,1.0,,0.4,,,1.0,,,,,0.0,0.0,,,,,0.6,,,,,0.3333333333333333,,1.0,,0.45454545454545453,1.0,,,,,,,,0.0,,,1.0,0.0,,,,,,,,,,,,,,,,,,,,1.0,1.0,,,,,,0.0,,0.5,1.0,,1.0,,,,,,,,,,,,,,0.0,,,,,,,,,,1.0,,,,,,,1.0,0.0,,,,,,,0.0,,,,,0.0,1.0,,,,0.6666666666666666,,,1.0,1.0,,1.0,0.6,1.0,,,,,,,,,,,,
W8nmkxFf7ki5dWjN71KTUcNerPSgtwIbGExQNHr0lQz_HvxbrqDfn7ZcQL2yR7hg8FMHo1rkct5HkQ,,,,,0.7307692307692307,,,,,,,,,0.5,,0.0,,,,,,,,,,,,,,,,,,,,,,,,,,,0.0,,,,,,,,,,,,,,,,,,,,,0.5,,,1.0,0.5,,,,0.0,,,,,,,,,0.38461538461538464,,,,,,,,,,,,,,0.4444444444444444,,,0.6206896551724138,,,,,,,,,,0.0,,,,,,,,,,,,,0.0,,,0.0,,0.25,,,,,,,,1.0,,,,,,,,,,0.0,,,,,,,,,,,,,,,,,,,,
WSIZ-3A3etUps00pqTdueqiEZyRwaJ4JcEWiZedsP79BCDcKya4roChPRTtmcaA_dY5a6ZZcQxBEpA,,,,,0.6,,,,1.0,,,,,0.5454545454545454,,,,,,,,,0.0,,,,1.0,,,,,,,,,,,,,,,,,,,,,,,0.42857142857142855,,,,,,,,,,,,,,0.0,,,0.75,,,0.0,,,,,1.0,,,,,,1.0,,,0.6666666666666666,,,,,,,,,,,0.5,,,,,,,,,,0.76,,,,,,,,,,1.0,,,,,,,,,,,,0.6,,,,,,,0.5,,,,,,,,,,0.5714285714285714,,,,,,,0.5,,,,,,,,,,,,,
WfNuCeeQqDDjKm-fvt6jKdWhQVnsyfh3NCkzkATQT5CcbX3JlMtH1idf-lQmONA7Nv07yDPVW7XMEA,,,,,,,,,1.0,,1.0,,,,,,1.0,,,,,,1.0,,,,0.3333333333333333,1.0,0.0,,,,,,,,,1.0,,,,,,,,,,,,0.5,,,1.0,0.0,,,0.5,0.0,,,0.0,0.6666666666666666,,,,1.0,0.5,,,,,,,,0.5,1.0,,,,,,,,,,,,,,,,,,,,,,,,,,,,,0.0,,,,0.0,,,,,,0.0,,,,,,,,,,,,1.0,,,0.6341463414634146,1.0,,,0.3333333333333333,0.3333333333333333,,,,,,0.0,,,0.6666666666666666,,,,0.0,,,0.3333333333333333,,,,0.0,,,,,,,,,
XUWrMGUafGH4hlHGd9iPfUgjjHeAsOBvEqLTYBG5OobTsWgy801kzrgqVTAk-X0N9FildgrFKqyvkw,0.0,,,,,,1.0,,,,,,,,,,,,,,,,,,0.0,,,,,,,,,,0.5555555555555556,,,,,0.6666666666666666,,0.631578947368421,,,,,,,,,,,,,,,,0.6,0.6,,,,0.5,,,,,,,0.0,,,,,,1.0,,,,,,,,,0.0,,,,,,0.55,,,,,,,,,,,,,,,,,,,,1.0,,,,,,,,,,,,,,,,,,,,,,,,,,,,0.42105263157894735,,,,,,,,,,,0.875,,,,,,,,,,,,,,
Y-i2bGv2YdktSU1vEffP2gCkYeBinmmhOzbUDds8F-I0A6TPiETQbvqOoZKjZkMh9CBZS0n8Vz4e_Q,,,,,,,,,0.0,,,,,,,,,,,,,,,,,,0.25,,,,,,,,0.56,,,,,,,,,,,,,,,,,,,,,,,,,,,,0.48148148148148145,,,,,,,,,,,,,,,,,,,,0.5625,,,,,,,,,,,,,,,,,,,,,,,,,,,,,,,,,,,,,,,,,,,,1.0,,,,,,,,,,,,,,,,,,,,,,,,,,0.5,,,,,,,,,,,
YEkVCpYOrbBAF6a_b0aXqht0PImQERknRaQPRy9rUtUxId_4o-s-ZwdhqsSyUgE_U8CTUuK0iqdNwA,,,,,0.5,,1.0,0.5625,,0.0,,0.0,,,,,,,,,,,1.0,,,,,,,,,,,,0.5,,,,,,0.0,0.5,,1.0,,0.8333333333333334,0.5,0.7333333333333333,,0.6666666666666666,,,,,,,,,,,,0.0,,1.0,,,,,,,,,,,,,,1.0,,,,,,,,,,,,,,0.0,,,,,,,,,,0.25,,1.0,0.4,,,,,,,,,,,,,,,,,,,,,,,,,0.5,,1.0,,,,,,,,,,,,,,,0.5,,,,0.3333333333333333,0.0,,,,,,,,,,,,
YFw2TzdwDlWoMON8yYAqdiQYBKhvmQmr8MdKTiJiu8R8qIBej-mCVV76BymnGnmaekFEngQsi1LoZw,,,,,,,,0.0,1.0,,,,,0.0,,,,,,,,,1.0,,,,0.6666666666666666,,,,,,,,1.0,,,,,,,,,,,1.0,1.0,,,0.5675675675675675,0.8,,,,1.0,,,,,,,0.0,,,,,0.3333333333333333,,,,,,0.0,,,,,,,,,,1.0,0.0,,,,,,,,,,,0.0,,,,,,,0.0,,0.0,0.5,,,,,0.0,,,,,0.0,,,,,,,,,,,,0.3333333333333333,1.0,,,,,,0.0,0.8,,,,,1.0,,0.0,,0.6666666666666666,,,,1.0,,0.0,,0.875,1.0,,,,,,,,,,,
YU6TmClOQjp82scyJjKi6Z-V3tN5C9RZPK6wVnV6okxBUtrCFgEhqaRnbCuM9yi3tLkjnhUpKrvEiQ,0.5714285714285714,,,,1.0,,,,,,,,,,,0.0,,1.0,,,,,,,,,,,0.0,,,,,1.0,0.5,,0.6666666666666666,,,,1.0,,,,0.0,1.0,,,1.0,0.6666666666666666,,0.0,,,0.5,,0.75,,,,,0.5,,,,,,,,0.0,,,,,,,,,0.0,,0.6666666666666666,,,,,,,,1.0,,,,,1.0,0.0,,,,,0.4166666666666667,,,0.5294117647058824,,,,,,,,,,,0.5,,,,,0.5,,,,,,,,1.0,,1.0,,,,,,,,,,,,0.5,0.0,,1.0,,,,0.25,,,,,,,,,,,,,,,,
YkQd6ZeFKVY2NccgtB5ou3b0MHQ8Skc3lG1Nwx7UQ3aTyBFE_mMyrCl3ZJBA6WRDNz3sxcUd-g5HzQ,0.5,,,,,,,,,,,,,,,,,,,,0.6666666666666666,,,,,,,,,,,,,,0.47058823529411764,0.6,,,,,,,,1.0,,,,,,,,,,,,,,0.5714285714285714,0.75,,,,0.3333333333333333,,0.6,,,,,,,0.0,,,,,,,,,,0.5714285714285714,0.75,,0.0,,,,,,0.9,,,,,,,0.0,,0.0,0.0,,,,,0.8571428571428571,,,,,,,,,,,,,,0.0,,,,,,,,,,,,,,,,,,1.0,0.7142857142857143,,,,,,,,,,,,,,,,,,,,,,,,,
ZGk1rbD-55O26LS620CVw7YixZy2IckIklMKPOvyZU04IKzuTPjDpzf53cjl_wFlI-58wgn0yelfWQ,,,,,,,,,,,,,,,,,,,,,,,,0.3333333333333333,,,,,,,,,,,,,,,,,,,,,,,,,,,,,,,,,,,,,,,,,,,,,,,,,,,,,,,,,,,,,,,,,,,0.5873015873015873,,,,,,,,,,,,,,,,,,,,0.0,,,,,,,,,,,,,,,,,,,,,,,,,,,,,,,,0.5,,,,,,,,,,,,,,,,,,,,,
ZmU423032-xJPNpMUPtb-TfOcHBXhes4UI0TQFoXnkSH9XNqE0bQ8zHWThLKdbAbm_dAaD9tTSllsQ,,,,,,,,,,,,,,,,,,,,,,,,,,,,,,,,,,,,,,,,,,,,,,,,,,,,,,,,,,,,,,,,,,1.0,,,,,,,,,,,,,,,,,,,,,,0.5425531914893617,,,,,,,,,,,,,,,,0.0,,,,,,,,,,,,,,,,,,,,,,,,,0.0,,,,,,,,,,,,,,,,,,,,,,0.5,,,,,,,,,,,,,
_1AwDQMtaGb6ZOdBbejcomyWb9kX4TrME6QWVTPM4kDViinvMAzz_Al_kZZ85I5TULk_5P4T09feiQ,1.0,,,,0.625,,,0.5714285714285714,1.0,,,,,,,,,,,,,,,,,,0.5714285714285714,,,,,1.0,,,,,,,,,,,,,,,,0.0,,0.5517241379310345,0.6428571428571429,,,,,,,,0.0,,,,,,,,,,,0.6666666666666666,,,,,1.0,,,,,,,,,,,,,,,,,,,,,,,,,,,,,,1.0,1.0,,,,,,,,0.0,,,0.0,,,,,,,,,0.6666666666666666,0.0,,,,,,,,,,,,,,,,,0.6153846153846154,,,,,,,,,,,,,,,,,,,,
_NK_-MnD02Z5JjJfbURlJg9vJrL3_TfB6wBbg4n3kwC5PaZQPbBuynEezW9w0dLBUIxfxmF102sVvw,1.0,,,,1.0,,1.0,,,,,,,,,,,,,,,,,,0.0,,,,1.0,,,,,1.0,0.5555555555555556,0.0,0.5,,0.0,,,,,,0.0,1.0,,,1.0,0.3333333333333333,,,,,0.25,,,0.6666666666666666,0.5416666666666666,,,,0.0,1.0,,,,,,,,,,,1.0,,,,,,1.0,,0.3333333333333333,,,,,,,,0.5,,,,,,0.5,,,0.0,,,,,,,,,,,,,,,,,,1.0,,,,,,1.0,,,,,,,,,,,,,,,0.625,,,1.0,,0.3333333333333333,,,0.0,,,,,0.0,,,,,,,,,,,,
a10QIb5YR9mBLa8MKwknI4DSfmrXHbK8GliVvYq59r0rbqFPKH5Wh7_gsYTq0Q9ZOvJfTVtY1mQ9WQ,,,0.5,,0.0,,0.5,,,,,,,,,0.75,,,,,,,,,,,0.0,,,,,,,,0.6666666666666666,,,,,,,,,,,,,,,,,1.0,0.0,,,,,,,,,,,0.6666666666666666,,0.0,,,,,,,,,,,,,0.0,,1.0,,,,,,,,,,0.7368421052631579,,,,0.68,,,0.7777777777777778,,0.4,,,0.3333333333333333,,,,,,,,,,,,,,,,1.0,,,,,,,,,0.0,,,,0.0,,,,,1.0,,1.0,,1.0,,,,,,0.0,,,0.0,,,,,,,,,,,,,,
beUpMMzqi3-I21-uwtf2zt7qhoDk395d8_RnzvPa-dAe2qGNurHB0q9_RG1gnnSXM2uKAz0ylGFypQ,0.5,,,0.0,,,,,,,1.0,,,,,,,,,,,,,,,,,,0.6875,,,0.75,,1.0,0.0,,,,,,0.5,,,,1.0,0.8571428571428571,,,0.6,,,1.0,,,,,0.75,,,,,,,,,,,,,,,0.25,,,,,,,,,,,,,,,,,,,,,,1.0,,,,,,0.7142857142857143,,0.0,0.6666666666666666,,,,,,,,,,,,,,,,,,,,,,,,,,,,,,,,,,,,,,,,,,0.0,,,0.8235294117647058,,,,,1.0,,,,,,,,,,,
bohhfLxUtyWh5T03g7_VJx2conjhAn3alLsKt6f4IaF7ReHsOiESiyzOnjjjMnccYYQBjqq5T7CgKw,1.0,,,,1.0,,1.0,,0.0,,,,,,,,,0.3333333333333333,,,,,,,,,,,0.75,,,1.0,,,0.0,,0.5,,1.0,,,0.0,,,0.75,0.5,1.0,,0.5,1.0,,,,,,,0.5,,,,,,,,,,,,,,,,,,,,,,,,,1.0,,,,,,,,,0.0,,,0.0,,,,,,0.7272727272727273,,,0.5333333333333333,,,,,,,,,,,,,,,,,,1.0,,,,1.0,,0.0,,,,,,,,1.0,,,,,,,,,,,,,,,,,1.0,,,,,,,,,,,,
cOlUUvYNzacPlYl4rKxrkbOEZe7QtSxFSksH949W4R6ga2EAdcg2eHwzFo_hFiMEgrCzGSeFbQFncQ,,,,,,,,0.375,,,,,,0.0,,,,,,,,,0.5,,,,0.75,,,,,,,,,,,,,,,,,,,,1.0,0.0,,0.6428571428571429,,,,,,,,,,,,,,,,,,,,0.0,,,,,,,,,,,,,,0.0,,,,,,,1.0,1.0,,,,,,,,,,,,,0.5,,,,,,,,,,,,,,,,,,,,,,0.42857142857142855,,,,,,,,0.0,,,,,,,,,0.75,,,,,,0.0,,1.0,,,0.5,,,,,,,,,
dB_tflKTZugSVnU0sp5LWpmHLbP4SxhkBUjwQv3juBeaZSU4bO_tT_N4OFnLrw96BcQqAnBRnq0zSA,,,,,,,0.0,,,,,,,,,,,,,,,,0.0,,,1.0,0.8333333333333334,,,,,,,,0.0,,1.0,,,,,,,,,,1.0,,,,,,,,,,,,,,1.0,,0.5,,1.0,,0.5,,1.0,,,,,,,,,,1.0,,,,0.8095238095238095,,,,,,,,,1.0,,,,,,,,,0.5483870967741935,,,,,1.0,0.0,,1.0,0.5,,,,,,,,,,,,,,,,,,,,,,,,0.0,0.3333333333333333,,,,,,,,,,,,0.0,,,,,,,,,,,,,,,,,
dLXT6WO4WN0SaKqOiHmU4qJMUcbLR33RdQIpZWMl8EvDB13YJND9_y-XJpQYX70gFqR62NK27Hf7BQ,,,,0.0,0.375,,,,,,,0.0,,,,0.375,,,,,,,,,,,,,,,,,,,1.0,,,,,,,,,,,,,,0.0,,,1.0,,,,,,,,,,1.0,,0.0,1.0,,,,,,,,,,,,,,,,0.9,0.5,,,,,,,,,,0.5,,,0.5454545454545454,,,0.6666666666666666,,,,,,,,,0.0,,,,,,,,,,,,,,,,,,,0.0,,,,,,,,,,,,,,,,,,,,,0.0,,,,,,,,,,,,,,,,,
djeLfKITMXPigKpbjojGQD1clEzDc7CzdoXJTj848QXd8JQnntjTNc0GRU69a5zZ0SGhHpvkkFGPaA,0.6190476190476191,,,,,,,,,,,,,,,,,1.0,,,,,,,,,0.0,,0.0,,,,,0.3333333333333333,,,1.0,,,1.0,,,,,1.0,0.2,,,0.6666666666666666,,,,,,,,0.5,,,,,0.5,,,,,,,,,,,,,,,,,,,0.0,,,,,,,,,,,,,,,,,,,0.5,,,0.5,1.0,,,,,,,,,,,,,,,,0.0,,,,,,,,,,,,,,,,,,,,,,,,,,,,1.0,,,,,,,,,,,,,,,,
eBSwSK79txuz-0rso08E-DH_ssmiW9WnNUxk9KIxK-HxBfGfBLochL2kprzXZZaScDeLSLoGzTmtIA,,,,,0.7272727272727273,,,,,,,,,0.0,,,,,,,,,,,,,1.0,,,,,,,,,,,,,,,0.3333333333333333,,,,1.0,,,0.6666666666666666,0.5,,,0.0,,,,,0.75,0.5,,,,0.4,0.0,0.6666666666666666,,,,,,,0.0,,0.0,,,,,,,0.875,0.5,0.5,,0.5,,1.0,,,,0.75,,,,0.5,,,0.16666666666666666,,,,,,,0.0,0.3333333333333333,,,,,,,,,,0.0,,,,,,,,,,,,,,0.0,,,,,0.0,,,0.0,0.5,,,,,,,,,,,0.8,,,,,,,,,,,,,,
eIjmbl-zlIqR6CM5RW4v0PgH-4mfDgoN0PPB_f5SW7EJu3aAzHBlmPQIZYfiRloYl2HyRV7IoOeL9Q,0.5,,,,0.6,,,,,,,,,,,,,,,,0.7058823529411765,,,0.25,0.5,,0.5714285714285714,,,,,,,,,0.6666666666666666,,1.0,,,,,,,,,,,,0.0,,,1.0,,,,,0.6666666666666666,0.75,,,,0.5,,1.0,,,,,,,0.0,,,,,,,,,,,0.3333333333333333,,,,,,,,,,,,0.0,,0.5714285714285714,,,0.0,,,0.5,,,0.3333333333333333,,,,,,,,,,,,,,,,0.0,,,,,0.5,,,,,,,,,,,,0.0,,,,,,,,,,,,,0.0,,,,,,,,,,,,
exztVjb1enahsUFJHMwkE-H4iRVbMVr3DPjLyZWkAKFRO3556er58XlXJkFegsZyx9k52hICG-TD9Q,,,,,,,,1.0,,,,,,,,,,,,,0.0,,,1.0,0.5,,0.0,,,,,,,,1.0,,,0.0,,,,,,,,0.0,,,,,,,0.3333333333333333,,,,,0.25,0.6190476190476191,,,,0.5555555555555556,,,,,,,,,,,,,,,,0.6666666666666666,,,,0.6666666666666666,,0.5,,,,,,,,0.3333333333333333,,,,1.0,,,,,,,,,0.0,,,,,,,,,,,,,1.0,0.0,,0.6451612903225806,0.0,,,,,,,,,,,,,,,,0.25,,,,,,,,,,,,,,,,,,,,,,,,,
hO85pE5vOfjkrwQvFA_CqtivnORoRWwE_9jpDydhsmXPpFo3TDp_-mUwoi_5xTg5T28Dh-UP58Qs_g,0.6666666666666666,,,,0.0,,,0.2222222222222222,0.0,,0.5,,,,,,,,,,,,0.5333333333333333,,,,0.6363636363636364,,,,0.0,,,,1.0,,,,,,,,,,,0.0,0.0,,1.0,0.5714285714285714,,,,,,,0.0,,,0.0,,0.0,,,,,,,,,,,,,,,,,,0.0,,,,,,,,,,,,,,,,,,0.5,,,,,,,0.5,,,1.0,,,,,,,0.5,,,,,,,,,,,,0.5555555555555556,,,,,,,0.5,,,,,0.0,,,,,0.6666666666666666,,,,1.0,,,,0.3333333333333333,,1.0,,,,,,,,,,
hU5_yD_8gTRPzyXsrrMwQShx9KVppV1UANp781aG62qsBaKd30gI6VyiwNWO1WkuMOU9Y61_4iiXiQ,,,,,0.5,,,,0.0,,,,,1.0,,0.4,,,,,,,,,,,,,,,,,,,,,,,,,,,,,,,,,,,,,,,,,,,,,,,,0.5238095238095238,,,,,,,,,,0.0,,,,,,,0.5,,,,,,,,,,,,,,0.5555555555555556,,,0.75,,,,,,,,,,,,,,,,,,,,,,,,,,,,1.0,,,,,,,,,,,,,,,,,,,,,,,0.0,,,,,,,,,,,,,,,
hsjC2eRv79xa9fKayv3lgmVi6IrlptWTnXXniQKink23TWgvTon1k_d2o3mYxRosjOOZ-x9kzOeRQA,0.0,,,,,,1.0,,0.0,,,,,,,0.0,,,,,0.6666666666666666,1.0,,,,,0.0,,,,,,,0.0,0.0,0.5,1.0,,,,,1.0,,0.0,0.0,0.0,,,,0.0,,,,,,,,1.0,1.0,,,,0.7,1.0,0.5,,,,,,1.0,0.6666666666666666,,,,,,,0.0,,0.5,,0.5555555555555556,,,,,,,0.5,,,,,0.5,,0.5,0.5,,1.0,,,0.5,,,0.75,,,,0.0,,,,,,0.0,,,,,,,,0.0,,,,,,,,,,,,,,0.0,0.5,,,0.5,,,,,,0.0,0.0,0.5714285714285714,,,,,,,,,,,,,,
i4It8ZenlZ7nkfihlyTmI2PSiS_bZlaoNB89eylatZtkJJ95-T-T7Fa2fmfQhO05yERl1HS-928juQ,,,,,1.0,,,0.6363636363636364,0.0,,,,,,,,,,,,,,0.625,,,,0.0,,,,,,,,,0.0,,,,,,,,,,,,,,0.5517241379310345,,,0.0,,,,,1.0,,,,,1.0,,,,,,,,,,,,,,,,,,,,,0.6666666666666666,,,,,,,1.0,,,,0.0,,,,,,,,,,0.5,1.0,,,,,,,,,0.5,,,,,,,,,,,,0.4444444444444444,,,,,,,0.5,1.0,,,,,,,,,0.5,,,,,,,,0.5714285714285714,,,,,,,,,,,,
igMR9fhrxDLqo9Ds1yyM40Sfr2guAdww6uUnoiesvAB_bJCvJPjNx4IxcMISk48Py8DZ0n1IM8BVYg,,,,,,,,1.0,,,,,,,,,,,,,,,,,,,0.6666666666666666,,1.0,,,,,,,,,,,,,,,,,,,,0.25,0.5172413793103449,,,,,,,,,,,,,,,,,,,,,,,,,,,,,,,,,,0.75,,,,,,,0.5,,,,,,,,1.0,,,,,,0.6666666666666666,,,,0.0,,,,,,,,,,,,,,,,,,0.5,,,,,,,0.6,,,,,,,,,,0.6111111111111112,,,,,,,,0.625,,,,,,,,,,,,
jfgwT7bzHWMQT12YSBH43r4obdIXoyzH3Suq6WYRoJxKn2j3GTpvdT6wwOErV6fexfM9nxLB7wnM4g,1.0,,,,0.5,,,0.375,0.0,,0.8,,,1.0,,0.0,,,,0.0,,,0.3333333333333333,,,,0.625,,,,,,,,0.0,,,,,,1.0,,,,,0.0,,,,0.5384615384615384,,,,,,,,,,,,,1.0,,,,1.0,,,,,,,,,,,,,,0.0,,,0.25,,,,,,,0.0,,,,,,,,,,,,,,0.0,,,,,,,,,,,,,,0.0,,,1.0,,,,1.0,0.5,,,,,,,,1.0,,,,,,,,,0.5,,,,0.3333333333333333,,,,0.8571428571428571,1.0,,1.0,,,,,,,,,
jsXhGkpoUjxp7LTjh7RfJWCkQU_4_Av6fiqPT37chMyBF8L6nxFCN7UsTOiJwfwrr1rr3k8iy1PVPA,,,,,,,0.4,,,1.0,0.631578947368421,,,0.0,,,,,1.0,,,,,,,,,,,,,,,,,,,,,,1.0,,,,,0.7272727272727273,,,1.0,0.0,,,,,,,,,,1.0,,0.5555555555555556,,,,,1.0,,,,,,,,,,,,,,,0.5,,,,,,,,,,,,,,,,,,1.0,,,,,,,,,,,,,,,,,,,0.6666666666666666,0.4,,,,,,,0.7222222222222222,,,,,,,,,,,,,,,,,,,,,0.6666666666666666,,,,1.0,,,,,,,,,,,,
jzklrRy-FGiJJxqfQW4wMMLjFq9DNzdoygwOEclMsp7XVrF5Tdckw_i2ZicpDpNKg91Qa9AOHOrWUA,,,,,,,,,,,,,,,,,,,,,,,0.7014925373134329,,,,0.625,,,,,,,,,,,,,,,,,0.5,,,,,,,,,,,,,,,,,,,,,,,0.3333333333333333,,,,,,,,,,,,,,,,,,,,,,,,,,,,,,,,,,,,,,,,0.0,,,,,,,,,,,,,,,,,,,,0.0,,,,,,,0.3333333333333333,,,,,,,,,,0.0,,,,,,,,,,,,0.0,,,,,,,,
k5lYg2lj-zW_A78Q0_9j4_QEV4nYdDAbKRUVGrtN2hZ8PhjEzbowYgRDe5qJD3K7Yo9N721JHydhEw,,,,,,,,,,,,,,,,,,,,,,,,,,,,,,,,,,,,,,,,,,,,,,,,,,,,,,,,,,,,,,,,,,,,,,,,,,,,,,,,,,,,,,,,,,,0.5,,,,,0.625,,,,,,,,,,,,,,0.5802469135802469,,,,,,,,,,,,,,,,,,,,,,,,,,,,,,,,,,,,,,,,,,,,,,,,,,,,,,
mWh-gBkPoPi9AMdXsf8abX30IIwZl_H_OoVGYEaMzbUjTu1-NzJ3X4GTQOg53h9vyGwXzasX1mHoKg,,,,,0.3333333333333333,,,,0.0,,,,,,,1.0,,,,,,,0.7333333333333333,,,,0.6666666666666666,,,,0.0,,,,,,,,,,,,,,,,,,,0.5652173913043478,0.0,,,,,,,,,,,,,,,,,,,,,,,,,,,,,,0.3333333333333333,,,0.6363636363636364,,,,,,,,,,,,,,,,,,,,,,,,,,,,,,,,,,,,,,,,,,,0.3333333333333333,,,,,,,0.0,,,,,,,,,,0.4666666666666667,,,,,,,,,,,,,,,,,,,,
nIo_KiWXR-f_tzeCi44HATS6LphaeAPoIsPqtObd-oxFG4C-Urr8Vfux-hWD7ixywbTUJGA4CB2IDQ,,,,,0.6153846153846154,,,,,,,,0.5116279069767442,0.0,,0.5,,,,,,,,,0.4444444444444444,,,,,,,,,,,,,,0.5714285714285714,,,,1.0,,,,,,,,,1.0,,,,,,1.0,,,,,,,,,,,,,,0.5555555555555556,,,,,,,,,0.25,,,,,,1.0,,,,,,,,,,0.6,,,,,,,,,0.5,,,,,,,,,,,,,,,,,,,,,,,,,,,,,,,,,,,,,,,,,,,,,,,,,,,,,,,,,,
oPEiKqbwqyMesmlI35piI_Xb1veUXYXUNrAEqfc823iTz5P08MzHxY9om7iOZXwWVscIuvbNpZ-k0g,0.55,,,,,,,,,,,,,,,,,,,,0.5,,,,0.0,,,,,,,,,,0.5,0.3333333333333333,,,,,,,,0.7777777777777778,,,,,,,,,,,,1.0,,0.0,0.6666666666666666,,,,0.2,,,,,,,,,,,,,0.0,,,,,,,0.0,,0.0,,,,,,,,,,,,0.44,,,,,,,,,1.0,,,0.3333333333333333,,,,,,,,,,0.75,,,,1.0,,,,,,,,,,,0.0,,,,,0.6,,,,,,,,,,,,,,,,,,,,,,,,,
oeGOn_RDRR97Ks5biEmMh6R_apCMngc6Q_FuVTS_y5C2bbBRbV9-EIaFvFgGf3mqIIHSnvxdCDNMQw,,,0.0,,,,,,,,,,,,,,,,,,0.3333333333333333,,0.0,,,,,,1.0,,,,,,1.0,0.8,1.0,,,,,,,,,,,,,0.6666666666666666,0.5,,,,,,,0.6,0.5,,0.0,1.0,0.5,,1.0,,,,1.0,,,,,,,1.0,,,,,,,0.8,,,,,,,,,,,,0.0,,,,,,,,,0.0,,0.0,,,,,,,,,,,,,,,,0.4,,,,,0.0,,,,,,,,,,,,0.8333333333333334,,,,,0.5,,,,,,,,,,,0.0,,,,,,,,,
ohO1r6A7VnErGMnhu2AidT4xTQnRPmZFNz-pg2KB58WCcrZKHxyhXSbYuw7ZuM-WMxSQsF_YBVla9w,0.0,1.0,,,,,,,,,0.6,,,,,,,,,,,,,,,,,,,,,,,,,,,,,,,,,,,0.5714285714285714,,,,0.6,,,,,,,,,,,,0.7,,,,1.0,0.0,,,,,,,,,,,,1.0,,,0.6666666666666666,,,,,,,,,,,,,,,,,,,,,,,1.0,,,,,,,,,,,,,,0.7142857142857143,,,,,,,,0.5625,,,,,,,,1.0,,,,,,,,,,0.0,,1.0,0.0,,,,0.6666666666666666,,,,,,,,,,,,
oxtHGfH_5lTresiHhQ_2KtANJZA5FMDIblchzdUU_IgqD1KvqfF1sTf6y3ph-2c7DfBi3YJ1S6ttWA,0.6428571428571429,1.0,,0.0,,,,,,,,,,0.0,,,,,,,,,,,,,0.0,,,,,1.0,,,1.0,,,,,,0.6666666666666666,,,,0.6666666666666666,0.5,,,0.0,0.5,,,,,0.5,,1.0,,,,,,,,,,,,,0.0,,,,,,,,,0.0,1.0,,,,,,,1.0,,,,0.8571428571428571,1.0,,0.3333333333333333,0.0,,,1.0,,0.45,,,0.6666666666666666,,,,,,,,,,,,,,,,0.0,,,,,,,,,,,,,,,1.0,1.0,,,,,,1.0,,,,,,,,,,,,,,,,,,,,,,,
p8-ZNEcF0Ls9Vx8egPyXop8h007b3xcKBThi4InwYWi088pfBi8lkCIhXcnHnHdMpSkkGLAzYB2Iig,,,,,0.625,,,,,,,,,0.0,,0.4166666666666667,,,,,,,,,,,,,,,,,,,,,,,0.0,,,,,,,,,,,,,0.5,,,,,,,,,1.0,,,0.5,,,,0.0,,,,,,1.0,,,,,,,0.5294117647058824,,,,,,,,,,,0.6923076923076923,,,0.6666666666666666,,,0.5,,,,,1.0,,,,,,,,,,,,,,,,,,,,,,,0.0,0.0,,,,,,,,,,,,,,,,,,,,,,1.0,,,,,,,,,,,,,,,
p8dSmUFrpvuT9lqcp7KtH-hXEV4oXqLxVGVQUdAH3P-zPGRDvDc0dJlSGdkpgWUAwHguNXmRLne6Ag,0.5,1.0,0.0,,0.0,,,,,1.0,1.0,,,,,,,,0.5,,0.0,,,,,,,,1.0,,,,,0.5,,,,1.0,,0.0,1.0,1.0,,,1.0,0.5,,,0.0,,,0.6666666666666666,,,1.0,,,,,,,0.0,,,,1.0,1.0,,,,,,,,,1.0,0.0,,1.0,,0.0,0.6875,,0.0,,,,,,,0.0,,,,1.0,,,,,0.2,0.0,,0.0,,,,,,,,,,,,,,,,,1.0,,0.0,,0.5,,,0.6666666666666666,,,,,,,,,,,,,,,,,0.0,,,,0.3333333333333333,,,,,,,,,,,,,,,,
pvZx5Ow8TV4sFUUKUCdhfU_JxuqKq3VdaWbGoLLHsBdrbhikO-ZwSdyrUFP-4_ovhfFIK9c8H-1QaQ,0.5,0.6666666666666666,1.0,,1.0,,0.6666666666666666,,,,0.0,,,,,,1.0,,,,0.0,,,,,,,,,,0.5,,,,0.0,,,,,,,,,1.0,,0.3333333333333333,,,0.5,,,,,,,,,,,,0.0,0.0,0.0,,,,,,,,,,,,,,,,0.6857142857142857,,1.0,0.6666666666666666,,,,,,,,,,,,,,,0.0,0.0,0.0,,,,,1.0,0.6,,1.0,,,,,,,,1.0,0.0,,,0.0,1.0,,,,,,,0.75,,,,,,,,,,,,0.0,1.0,,,,,,,1.0,,,,,,0.0,0.0,,,,,,,,,,
qQ0BBTjNamEt2ZgdlKrifgHOSErK3VOgoyas-WZ-6ptLToa4AzfirW99tBPmlyD-BqtEOkkN1jHPMA,,0.0,,,,,,,,,,,,,,,,,,,,,,,,,,,,,,,,,,,,,,,,,,,,,,,,0.42857142857142855,,,,,,,,,,,,,,,,,,,,,,,,,,,,,,,,,,,,,,,,,,,,,,,,,,,,,,,,,,,,,,,,,,,,,,,,,,,,,0.5875,,,,,,,1.0,,,,,,0.0,,,,0.5555555555555556,,,,,,,,,,,,,,,,,,,,
rAG2u2W_nrc55atEVx2YfH_N71o1BuY0x9JaonrBipPmL8yK0TyaamN3VH1mURamhsuWCGuKfU-KaA,,,,,0.47058823529411764,,,,,,,,,0.9090909090909091,,0.3333333333333333,,,,,,,1.0,,,,,,,,,0.0,,,,,,,0.0,,,,,,,,,,,,,0.0,,,,,,,,,,,,0.6,,,,,,,,0.6666666666666666,,,,,,,,,0.6111111111111112,,,,,,,,,,,0.42857142857142855,,,0.5,,,0.8,,,,,,,,,0.5,,,,,,,,,,,,,,1.0,,,,,,,,,,,,,,,,,,,,,,,,,,,,,,,,,0.0,,,,,,,,,,
rkLmeGsBOpd_WI-6DLCmUsF3WdFx0AmNgwChxm_vUXdCe--X8GOJcpA7hKFJ7_Di7tMowpmqa8V9Qw,0.4166666666666667,1.0,0.3333333333333333,,,,,,,,,,,,,,,,,,,,,,,,,,0.6363636363636364,,,,,,0.0,,,,,0.0,,,,,0.25,0.3333333333333333,,,0.5714285714285714,,,,,,,,0.6,,,,,0.0,,,,0.0,,,,0.75,,,,,,,,,,,1.0,,,,,,,,1.0,,,,,,1.0,,,,,0.7058823529411765,,,,0.0,,,,,,,,0.0,,,,,,,,1.0,,,,,,1.0,,,,,,,,,1.0,,,,,,,,,,,,,,,,,,,,,,,,,,,,,
uNlb2MvaDgwKUtSCtaqcI6yqiKQ_Z0eEK2s69ZuT44j81klBfdZmOz5dzelWxjn93lBDxVYRtEq8kQ,,,,,,,,0.6,,,,,,,,,,,,,,,,,,,,,,,,,,,,,,,,,,,,,,,,,,0.625,,,,,,,,,,,,,,,,,1.0,,,,,,,,,,,,,,,,,,,,,,,,,,,,0.7058823529411765,,,,,,,,,,0.47058823529411764,,0.6470588235294118,,,,,,,,,,,,,,,,,,,,,,,,,,,,,,,,,,,,,0.5625,,,,,,,,0.5,0.25,,,,,,,,,,,
uWTG33szAYERhzgQxMVtYotYfVrpzTjNDqLD5sO6vCuDXFeAbAGuzKHnuLfxVP8izpvrZH6gtMujRQ,,,,,0.38461538461538464,,,,,,,0.0,,0.25,,0.8,,,,,,,,,,,,,,,,,,,,,,,0.75,,,,,,,,,,,,,,,,,,,,,,,,,,,,,,,,,,,,,,,,,,0.5555555555555556,,,,,,,,,,,,,,0.47058823529411764,,,0.6666666666666666,0.0,,,,,,,,,,,,,,,,,,,,,,,,,,,0.5454545454545454,,,,,,,,,,,,,,,,,,,,,,,,,,,,,,,,,,,,,,
vIVFuhE2Vkyn9UDdd-T2dcSORJPVfUwwnbi1MzKNJJKGWqa5Lo0IZrnAPG4ZT6bIT8f3lFgWS4Bhhw,,,,,0.5,,,,,,,,,,,,,,,,0.0,,,,,,,,,,,,,,,,0.7142857142857143,0.5,,,0.6666666666666666,,,,1.0,,,,,1.0,,,,,,,,1.0,,,,,0.0,,,,,,,0.0,,,,,,,,,,,0.0,0.6666666666666666,,,,,,,,1.0,,,,,,,0.5454545454545454,,,0.5,,,,,,0.5,,,,,,,,,,,,,0.5,,,,,,,,,,,,,,,,,,,,0.5,,,0.0,1.0,,,,,,,,,,,,,,,,,,,,,
vvscF_zMNqgzpt7VvbvC9g-LQh2RdpR8mH-8xdNpT2mE0mz1GROM2irrwZibooKPnG62scrE4KGdzg,,,,,,,,,,,,,,0.0,,,,,,,0.0,,,,,,0.0,,,,,,,,,1.0,,,,,,,,,1.0,,,,,,,,,,,1.0,,0.45454545454545453,,,,,0.5384615384615384,,1.0,,,,0.2,0.5,,1.0,,,,,,,,,1.0,,0.8,,0.0,,0.4666666666666667,,,,0.0,1.0,,,,,,,,1.0,,,,,,0.5,,,,,,,,,,,,,0.3333333333333333,,,,,,,,1.0,,,,,,,,,,,,0.5,,,,,,,,0.0,,,,,,,,,,,,,,,,,
w-JQJ_lmtB2DMeY0CWpte-QQrvFmhvOxRYr_8-KVCzCa-oP8O3XaM6CG3gFAsa_fVzEedu4OAdXIug,,,,,,,,,,,,,,1.0,,,,,,,0.25,,,,,,,,,,,,,,0.5,0.6666666666666666,,,,,,,,,,,,,,,,,,,,,,,0.6153846153846154,,,,0.2857142857142857,,0.25,,,,,,,,,,,,,,,,,,0.7058823529411765,,,,,,,,0.6296296296296297,,,,,,1.0,,1.0,,,,,,,0.45454545454545453,,,,,,,,,,,,,,,,,,,,,,,,,,,,,,,,0.5,0.25,,,,,,,,,,,,,,,,,,,,,,,,,
wzL_wMRhKlbjiH-cmNq6fFh6L1swNT5ALWYHZ0VorUN38LveaF8l4b4zxpPmLvCblLwNZBLUB6Q6sA,,0.0,,0.6666666666666666,,,,,,,,,,,,,,,,,,,,,,,,,,,,,,,0.0,,,,,,,,,,,0.3333333333333333,,,0.5,1.0,,,,,,,,,,,,0.4,,,,0.3333333333333333,,,,,,,,,,,,,,,,0.6,,,,,,,,,,,,,1.0,,,,,0.0,,,,,,,,,,,,,,,,,,,,0.6363636363636364,,1.0,,,,,0.6666666666666666,,,,,,,,,,0.5,,,,,,,,0.0,,,,,,,,,,0.8571428571428571,,,,,,,,,
yVLuJCfkvSdHTFAUR_4KIAGRjTCCAFTpy7Cf0UfgpKvkFrhyH5nWF5VBpnX5SUrfFgw5d7z_in7FzQ,,,,,,,,,,,,,,,,,,,,,,,,,,,1.0,0.5,,,,,0.0,,,0.42857142857142855,,,,,,0.5909090909090909,,0.5555555555555556,,,,,,,,,0.6666666666666666,,,,,,0.6756756756756757,,,,,,0.0,,,,,1.0,,,,,,,,,,,,0.0,0.6666666666666666,,,,,,,,0.0,,,,,,0.5,,,,,,,,,,,,,,,,,,,,,,,,,,,,,,,,,,,,,,,,,,,,,,,,,,,,,,,,,,,,,,,,,,,
ydDG5Wvl1NbMXycSfMDVHYtIoiFQiUDlcX47oCLDCC3WA5ByYfGeO-tkEFxO-bu5Eu05Ef8EQsYrxg,0.25,,,,,,,,,,,,,,1.0,,1.0,,,,,,,,,,0.0,,0.6,,,,,,,,,,,,,0.0,,,,0.6,,,,,,,,,,,0.5588235294117647,,,,,,,,,0.5,1.0,1.0,,0.6,,,,,,,,,,,0.5,,,,,,,,,,,,,0.7777777777777778,,,,,,,,,,,,,,,,,,,,,,,0.0,,,,,,,,,,,1.0,,,,,0.0,,,,,,,,,,,,0.0,,,,,,,,,,,,,,,,,,,
ymlcG3J93O9IyvTC6kmBqMJSVR-QV_5lvVlPL9M7cNARL-NysJtdlaBObe76MYmpcVmMg7vGxqgvxQ,,,,,0.5,,,,,,,,,,,1.0,,,,,,,,,,,0.0,,,,,,,,,,,,1.0,,,,,,,,,,,,,,,,,,,,,,,,,,,,,,,,,,,1.0,,,,,,,0.5,,,,,,,,,,0.6,,,,0.3333333333333333,,,0.0,,,,,,,,,,,,,,,,,,,,,,,,,,,,0.6341463414634146,,,,,,,,,,,,,,,,,,,,,,,,,,,,,,,,,,,,,,
yyN5laP_nmnnQRSE5RjXcGL8-n6Bd_ixHat7oyUCK1VZgYanfuTQzlog0atS7S7TLjYAYy851k8NgQ,,,,,,,,,,,,,,,,,,,,,,,,,,,,,0.5443037974683544,,,,1.0,,,,,,,,,,,,0.0,,,,,,,,,,,,,0.0,,,,,,,,,,,,0.0,,,1.0,,,,,,,,,,,,,,,,,,,,,,,,,,,,,,,,,,,,,,,,,,,,,,,,,,,,0.0,,0.0,,,,,,,,,,,,,,,,0.5454545454545454,,,1.0,,,,,,,,,,,,,,,,,,
z1EGZ7oTFBLJ5sLBivuB_8tZzDUxC-fda3pQBe9impGZyhMnN-qORuymztA2CSAUFKCmbSK-ndbgLw,,,0.0,0.0,0.5714285714285714,,0.0,0.0,,,1.0,,,,,0.6,,0.0,,,,,,,,,,,,,,,,0.0,,,,,,,,,,,,,,,,1.0,,0.0,,,,,,,,,,0.0,1.0,1.0,,0.0,1.0,0.0,,,,,,,,,,,,,0.45454545454545453,,,,,,,,,,,,,,0.6,,,0.46153846153846156,0.0,,,,,,0.0,,,,,,,,,,,,,,0.5,0.5,0.0,,,,,1.0,,,,,,,,,,,,,,,,,,0.0,,,,,,,,,,,,,,,,,,,,
z6U6igBvQr0bp-jrm6c9Eaf8QmhhFFnrjXqPRg87-cxxYD-y4RdTZYptJmu5YYjuHFI8Br_FrlJXDg,,,,,0.6,,1.0,,,,,,,1.0,,0.5,,,,,,,,,,,,,,,,,,,,,,,0.0,,,,,,,,,,,,,1.0,,,,,,,,,,,,0.5,,,,,,,,0.0,,,,,,,,,0.5652173913043478,,,,,,,,,,,,,,0.6521739130434783,,,0.5,1.0,1.0,,,,,,,,,1.0,,,,,,,,,,,,,,,,,,,,,,,,,,,,,,,,,,,,,,,,,,,,,,,,,,,,,,,
zbpDID4i6QILJjKHQm1rtY4SJfOmNhd6CO6r28o4vrG4-KDhXQkOZYY5hAT_meY9TLZpAe7Oxgxr5g,0.0,,,,0.0,,,,,,,,,,,0.0,,1.0,,,0.5,,,,,,,,1.0,,,,,,,0.6666666666666666,,,,,,,,,1.0,,,,,,,,,,,1.0,,0.75,0.6,,,,0.875,,0.6666666666666666,,,,,0.6666666666666666,,1.0,,,,0.0,,,,,1.0,,0.0,,0.0,,,,,,1.0,,,,,,0.3333333333333333,,,0.375,,,1.0,,,0.5555555555555556,,,,,,,,1.0,,,,,0.5,,,,,,,,,,,,,,,,,,,,0.0,,,,,,,,,,,,,,,,,,,,,,,,,
